morgan_tanimoto,mol_id,smiles,role_mask,own_murcko,contains_query_scaffold
 1. pharm=0.966 morgan=0.326 hop=0.640 | q=138879 -> hit=100226 | Cc1cc2c(=O)[nH]nc(N)n2n1
     murcko: O=c1[nH]ncc2ncnn12  =>  O=c1[nH]ncn2nccc12
  3. pharm=0.750 morgan=0.196 hop=0.554 | q=138879 -> hit=100228 | Nc1nc(-c2cocn2)n[nH]1
     murcko: O=c1[nH]ncc2ncnn12  =>  c1nc(-c2cocn2)n[nH]1
  4. pharm=0.727 morgan=0.190 hop=0.537 | q=138879 -> hit=141968 | Nc1nc(-c2ncccn2)n[nH]1
     murcko: O=c1[nH]ncc2ncnn12  =>  c1cnc(-c2nc[nH]n2)nc1
  6. pharm=0.757 morgan=0.244 hop=0.512 | q=138879 -> hit=93768 | Nc1n[nH]c(=O)c2cccnc12
     murcko: O=c1[nH]ncc2ncnn12  =>  O=c1[nH]ncc2ncccc12
  7. pharm=0.667 morgan=0.159 hop=0.508 | q=138879 -> hit=116442 | Nc1cc(-c2ncccn2)[nH]n1
     murcko: O=c1[nH]ncc2ncnn12  =>  c1cnc(-c2ccn[nH]2)nc1
  8. pharm=0.611 morgan=0.125 hop=0.486 | q=138879 -> hit=88491 | Nc1nnc(-c2ccccn2)[nH]1
     murcko: O=c1[nH]ncc2ncnn12  =>  c1ccc(-c2nnc[nH]2)nc1
  9. pharm=0.724 morgan=0.243 hop=0.481 | q=138879 -> hit=125845 | Nc1n[nH]c(=O)c(=O)[nH]1
     murcko: O=c1[nH]ncc2ncnn12  =>  O=c1[nH]cn[nH]c1=O
 10. pharm=0.645 morgan=0.167 hop=0.478 | q=138879 -> hit=118034 | Nc1nc(=O)c2ncccc2[nH]1
     murcko: O=c1[nH]ncc2ncnn12  =>  O=c1nc[nH]c2cccnc12
 11. pharm=0.750 morgan=0.273 hop=0.477 | q=138879 -> hit=72005 | Cn1ccc(-c2n[nH]c(N)n2)n1
     murcko: O=c1[nH]ncc2ncnn12  =>  c1cc(-c2nc[nH]n2)n[nH]1
 12. pharm=0.645 morgan=0.170 hop=0.475 | q=138879 -> hit=87220 | Nc1nc(-c2ccco2)n[nH]1
     murcko: O=c1[nH]ncc2ncnn12  =>  c1coc(-c2nc[nH]n2)c1
 13. pharm=0.686 morgan=0.213 hop=0.473 | q=138879 -> hit=133675 | Cn1nccc1-c1n[nH]c(N)n1
     murcko: O=c1[nH]ncc2ncnn12  =>  c1cc(-c2nc[nH]n2)[nH]n1
 14. pharm=0.667 morgan=0.196 hop=0.471 | q=138879 -> hit=103669 | Nc1nc(-c2cnccn2)n[nH]1
     murcko: O=c1[nH]ncc2ncnn12  =>  c1cnc(-c2nc[nH]n2)cn1
 15. pharm=0.632 morgan=0.176 hop=0.455 | q=138879 -> hit=66056 | Nc1nc(C(F)(F)c2ccccn2)n[nH]1
     murcko: O=c1[nH]ncc2ncnn12  =>  c1ccc(Cc2nc[nH]n2)nc1
 16. pharm=0.711 morgan=0.262 hop=0.449 | q=138879 -> hit=121618 | Nc1n[nH]c(=O)c2[nH]ccc12
     murcko: O=c1[nH]ncc2ncnn12  =>  O=c1[nH]ncc2cc[nH]c12
 17. pharm=0.594 morgan=0.146 hop=0.448 | q=138879 -> hit=139172 | Nc1cc(-c2nccs2)[nH]n1
     murcko: O=c1[nH]ncc2ncnn12  =>  c1cc(-c2nccs2)[nH]n1
 18. pharm=0.562 morgan=0.122 hop=0.440 | q=138879 -> hit=126517 | Nc1c[nH]nc1-c1nccs1
     murcko: O=c1[nH]ncc2ncnn12  =>  c1csc(-c2cc[nH]n2)n1
 19. pharm=0.611 morgan=0.174 hop=0.437 | q=138879 -> hit=117578 | Nc1cc(-c2cnccn2)n[nH]1
     murcko: O=c1[nH]ncc2ncnn12  =>  c1cnc(-c2cc[nH]n2)cn1
 20. pharm=0.600 morgan=0.170 hop=0.430 | q=138879 -> hit=142599 | Cn1c(N)nc(=N)c2nccnc21
     murcko: O=c1[nH]ncc2ncnn12  =>  N=c1nc[nH]c2nccnc12